id,name,price,description,stock,manufacturer,characteristics,category,seo_title,seo_description,promotion,image
1,Processors Product 1,595.23,Description for Processors Product 1,10,AMD,"<ul class=""list-group""><li>Frequency: 3.5 GHz</li><li>Cores: 4</li><li>Cache: 8 MB</li></ul>",Processors,Processors Product 1 - SEO Title,SEO Description for Processors Product 1,0,cpu.jpg
2,Processors Product 2,570.10,Description for Processors Product 2,20,Qualcomm,"<ul class=""list-group""><li>Frequency: 3.5 GHz</li><li>Cores: 4</li><li>Cache: 8 MB</li></ul>",Processors,Processors Product 2 - SEO Title,SEO Description for Processors Product 2,0,cpu.jpg
3,Processors Product 3,408.50,Description for Processors Product 3,30,Intel,"<ul class=""list-group""><li>Frequency: 3.5 GHz</li><li>Cores: 4</li><li>Cache: 8 MB</li></ul>",Processors,Processors Product 3 - SEO Title,SEO Description for Processors Product 3,0,cpu.jpg
4,Processors Product 4,274.69,Description for Processors Product 4,40,AMD,"<ul class=""list-group""><li>Frequency: 3.5 GHz</li><li>Cores: 4</li><li>Cache: 8 MB</li></ul>",Processors,Processors Product 4 - SEO Title,SEO Description for Processors Product 4,0,cpu.jpg
5,Processors Product 5,742.43,Description for Processors Product 5,50,Qualcomm,"<ul class=""list-group""><li>Frequency: 3.5 GHz</li><li>Cores: 4</li><li>Cache: 8 MB</li></ul>",Processors,Processors Product 5 - SEO Title,SEO Description for Processors Product 5,0,cpu.jpg
6,Processors Product 6,235.07,Description for Processors Product 6,60,Intel,"<ul class=""list-group""><li>Frequency: 3.5 GHz</li><li>Cores: 4</li><li>Cache: 8 MB</li></ul>",Processors,Processors Product 6 - SEO Title,SEO Description for Processors Product 6,0,cpu.jpg
7,Processors Product 7,720.02,Description for Processors Product 7,70,AMD,"<ul class=""list-group""><li>Frequency: 3.5 GHz</li><li>Cores: 4</li><li>Cache: 8 MB</li></ul>",Processors,Processors Product 7 - SEO Title,SEO Description for Processors Product 7,0,cpu.jpg
8,Processors Product 8,50.17,Description for Processors Product 8,80,Qualcomm,"<ul class=""list-group""><li>Frequency: 3.5 GHz</li><li>Cores: 4</li><li>Cache: 8 MB</li></ul>",Processors,Processors Product 8 - SEO Title,SEO Description for Processors Product 8,0,cpu.jpg
9,Processors Product 9,499.31,Description for Processors Product 9,90,Intel,"<ul class=""list-group""><li>Frequency: 3.5 GHz</li><li>Cores: 4</li><li>Cache: 8 MB</li></ul>",Processors,Processors Product 9 - SEO Title,SEO Description for Processors Product 9,0,cpu.jpg
10,Processors Product 10,259.76,Description for Processors Product 10,100,AMD,"<ul class=""list-group""><li>Frequency: 3.5 GHz</li><li>Cores: 4</li><li>Cache: 8 MB</li></ul>",Processors,Processors Product 10 - SEO Title,SEO Description for Processors Product 10,0,cpu.jpg
11,Processors Product 11,531.91,Description for Processors Product 11,110,Qualcomm,"<ul class=""list-group""><li>Frequency: 3.5 GHz</li><li>Cores: 4</li><li>Cache: 8 MB</li></ul>",Processors,Processors Product 11 - SEO Title,SEO Description for Processors Product 11,0,cpu.jpg
12,Processors Product 12,369.15,Description for Processors Product 12,120,Intel,"<ul class=""list-group""><li>Frequency: 3.5 GHz</li><li>Cores: 4</li><li>Cache: 8 MB</li></ul>",Processors,Processors Product 12 - SEO Title,SEO Description for Processors Product 12,0,cpu.jpg
13,Processors Product 13,142.51,Description for Processors Product 13,130,AMD,"<ul class=""list-group""><li>Frequency: 3.5 GHz</li><li>Cores: 4</li><li>Cache: 8 MB</li></ul>",Processors,Processors Product 13 - SEO Title,SEO Description for Processors Product 13,0,cpu.jpg
14,Processors Product 14,169.34,Description for Processors Product 14,140,Qualcomm,"<ul class=""list-group""><li>Frequency: 3.5 GHz</li><li>Cores: 4</li><li>Cache: 8 MB</li></ul>",Processors,Processors Product 14 - SEO Title,SEO Description for Processors Product 14,0,cpu.jpg
15,Processors Product 15,331.33,Description for Processors Product 15,150,Intel,"<ul class=""list-group""><li>Frequency: 3.5 GHz</li><li>Cores: 4</li><li>Cache: 8 MB</li></ul>",Processors,Processors Product 15 - SEO Title,SEO Description for Processors Product 15,0,cpu.jpg
16,Processors Product 16,488.62,Description for Processors Product 16,160,AMD,"<ul class=""list-group""><li>Frequency: 3.5 GHz</li><li>Cores: 4</li><li>Cache: 8 MB</li></ul>",Processors,Processors Product 16 - SEO Title,SEO Description for Processors Product 16,0,cpu.jpg
17,Processors Product 17,444.79,Description for Processors Product 17,170,Qualcomm,"<ul class=""list-group""><li>Frequency: 3.5 GHz</li><li>Cores: 4</li><li>Cache: 8 MB</li></ul>",Processors,Processors Product 17 - SEO Title,SEO Description for Processors Product 17,0,cpu.jpg
18,Processors Product 18,88.45,Description for Processors Product 18,180,Intel,"<ul class=""list-group""><li>Frequency: 3.5 GHz</li><li>Cores: 4</li><li>Cache: 8 MB</li></ul>",Processors,Processors Product 18 - SEO Title,SEO Description for Processors Product 18,0,cpu.jpg
19,Processors Product 19,796.35,Description for Processors Product 19,190,AMD,"<ul class=""list-group""><li>Frequency: 3.5 GHz</li><li>Cores: 4</li><li>Cache: 8 MB</li></ul>",Processors,Processors Product 19 - SEO Title,SEO Description for Processors Product 19,0,cpu.jpg
20,Processors Product 20,650.04,Description for Processors Product 20,200,Qualcomm,"<ul class=""list-group""><li>Frequency: 3.5 GHz</li><li>Cores: 4</li><li>Cache: 8 MB</li></ul>",Processors,Processors Product 20 - SEO Title,SEO Description for Processors Product 20,0,cpu.jpg
21,Motherboards Product 1,154.63,Description for Motherboards Product 1,10,MSI,"<ul class=""list-group""><li>Form Factor: ATX</li><li>Socket: AM4</li><li>Chipset: B450</li></ul>",Motherboards,Motherboards Product 1 - SEO Title,SEO Description for Motherboards Product 1,0,motherboards.jpg
22,Motherboards Product 2,271.84,Description for Motherboards Product 2,20,Gigabyte,"<ul class=""list-group""><li>Form Factor: ATX</li><li>Socket: AM4</li><li>Chipset: B450</li></ul>",Motherboards,Motherboards Product 2 - SEO Title,SEO Description for Motherboards Product 2,0,motherboards.jpg
23,Motherboards Product 3,756.04,Description for Motherboards Product 3,30,ASUS,"<ul class=""list-group""><li>Form Factor: ATX</li><li>Socket: AM4</li><li>Chipset: B450</li></ul>",Motherboards,Motherboards Product 3 - SEO Title,SEO Description for Motherboards Product 3,0,motherboards.jpg
24,Motherboards Product 4,302.20,Description for Motherboards Product 4,40,MSI,"<ul class=""list-group""><li>Form Factor: ATX</li><li>Socket: AM4</li><li>Chipset: B450</li></ul>",Motherboards,Motherboards Product 4 - SEO Title,SEO Description for Motherboards Product 4,0,motherboards.jpg
25,Motherboards Product 5,712.77,Description for Motherboards Product 5,50,Gigabyte,"<ul class=""list-group""><li>Form Factor: ATX</li><li>Socket: AM4</li><li>Chipset: B450</li></ul>",Motherboards,Motherboards Product 5 - SEO Title,SEO Description for Motherboards Product 5,0,motherboards.jpg
26,Motherboards Product 6,275.59,Description for Motherboards Product 6,60,ASUS,"<ul class=""list-group""><li>Form Factor: ATX</li><li>Socket: AM4</li><li>Chipset: B450</li></ul>",Motherboards,Motherboards Product 6 - SEO Title,SEO Description for Motherboards Product 6,0,motherboards.jpg
27,Motherboards Product 7,269.73,Description for Motherboards Product 7,70,MSI,"<ul class=""list-group""><li>Form Factor: ATX</li><li>Socket: AM4</li><li>Chipset: B450</li></ul>",Motherboards,Motherboards Product 7 - SEO Title,SEO Description for Motherboards Product 7,0,motherboards.jpg
28,Motherboards Product 8,761.19,Description for Motherboards Product 8,80,Gigabyte,"<ul class=""list-group""><li>Form Factor: ATX</li><li>Socket: AM4</li><li>Chipset: B450</li></ul>",Motherboards,Motherboards Product 8 - SEO Title,SEO Description for Motherboards Product 8,0,motherboards.jpg
29,Motherboards Product 9,524.42,Description for Motherboards Product 9,90,ASUS,"<ul class=""list-group""><li>Form Factor: ATX</li><li>Socket: AM4</li><li>Chipset: B450</li></ul>",Motherboards,Motherboards Product 9 - SEO Title,SEO Description for Motherboards Product 9,0,motherboards.jpg
30,Motherboards Product 10,269.08,Description for Motherboards Product 10,100,MSI,"<ul class=""list-group""><li>Form Factor: ATX</li><li>Socket: AM4</li><li>Chipset: B450</li></ul>",Motherboards,Motherboards Product 10 - SEO Title,SEO Description for Motherboards Product 10,0,motherboards.jpg
31,Motherboards Product 11,96.13,Description for Motherboards Product 11,110,Gigabyte,"<ul class=""list-group""><li>Form Factor: ATX</li><li>Socket: AM4</li><li>Chipset: B450</li></ul>",Motherboards,Motherboards Product 11 - SEO Title,SEO Description for Motherboards Product 11,0,motherboards.jpg
32,Motherboards Product 12,733.55,Description for Motherboards Product 12,120,ASUS,"<ul class=""list-group""><li>Form Factor: ATX</li><li>Socket: AM4</li><li>Chipset: B450</li></ul>",Motherboards,Motherboards Product 12 - SEO Title,SEO Description for Motherboards Product 12,0,motherboards.jpg
33,Motherboards Product 13,458.14,Description for Motherboards Product 13,130,MSI,"<ul class=""list-group""><li>Form Factor: ATX</li><li>Socket: AM4</li><li>Chipset: B450</li></ul>",Motherboards,Motherboards Product 13 - SEO Title,SEO Description for Motherboards Product 13,0,motherboards.jpg
34,Motherboards Product 14,726.67,Description for Motherboards Product 14,140,Gigabyte,"<ul class=""list-group""><li>Form Factor: ATX</li><li>Socket: AM4</li><li>Chipset: B450</li></ul>",Motherboards,Motherboards Product 14 - SEO Title,SEO Description for Motherboards Product 14,0,motherboards.jpg
35,Motherboards Product 15,708.82,Description for Motherboards Product 15,150,ASUS,"<ul class=""list-group""><li>Form Factor: ATX</li><li>Socket: AM4</li><li>Chipset: B450</li></ul>",Motherboards,Motherboards Product 15 - SEO Title,SEO Description for Motherboards Product 15,0,motherboards.jpg
36,Motherboards Product 16,343.85,Description for Motherboards Product 16,160,MSI,"<ul class=""list-group""><li>Form Factor: ATX</li><li>Socket: AM4</li><li>Chipset: B450</li></ul>",Motherboards,Motherboards Product 16 - SEO Title,SEO Description for Motherboards Product 16,0,motherboards.jpg
37,Motherboards Product 17,639.36,Description for Motherboards Product 17,170,Gigabyte,"<ul class=""list-group""><li>Form Factor: ATX</li><li>Socket: AM4</li><li>Chipset: B450</li></ul>",Motherboards,Motherboards Product 17 - SEO Title,SEO Description for Motherboards Product 17,0,motherboards.jpg
38,Motherboards Product 18,396.80,Description for Motherboards Product 18,180,ASUS,"<ul class=""list-group""><li>Form Factor: ATX</li><li>Socket: AM4</li><li>Chipset: B450</li></ul>",Motherboards,Motherboards Product 18 - SEO Title,SEO Description for Motherboards Product 18,0,motherboards.jpg
39,Motherboards Product 19,94.38,Description for Motherboards Product 19,190,MSI,"<ul class=""list-group""><li>Form Factor: ATX</li><li>Socket: AM4</li><li>Chipset: B450</li></ul>",Motherboards,Motherboards Product 19 - SEO Title,SEO Description for Motherboards Product 19,0,motherboards.jpg
40,Motherboards Product 20,99.37,Description for Motherboards Product 20,200,Gigabyte,"<ul class=""list-group""><li>Form Factor: ATX</li><li>Socket: AM4</li><li>Chipset: B450</li></ul>",Motherboards,Motherboards Product 20 - SEO Title,SEO Description for Motherboards Product 20,0,motherboards.jpg
41,Hard Drives Product 1,732.42,Description for Hard Drives Product 1,10,Western Digital,"<ul class=""list-group""><li>Capacity: 1 TB</li><li>Interface: SATA III</li><li>Speed: 7200 RPM</li></ul>",Hard Drives,Hard Drives Product 1 - SEO Title,SEO Description for Hard Drives Product 1,0,hard_disk.jpg
42,Hard Drives Product 2,597.65,Description for Hard Drives Product 2,20,Toshiba,"<ul class=""list-group""><li>Capacity: 1 TB</li><li>Interface: SATA III</li><li>Speed: 7200 RPM</li></ul>",Hard Drives,Hard Drives Product 2 - SEO Title,SEO Description for Hard Drives Product 2,0,hard_disk.jpg
43,Hard Drives Product 3,248.62,Description for Hard Drives Product 3,30,Seagate,"<ul class=""list-group""><li>Capacity: 1 TB</li><li>Interface: SATA III</li><li>Speed: 7200 RPM</li></ul>",Hard Drives,Hard Drives Product 3 - SEO Title,SEO Description for Hard Drives Product 3,0,hard_disk.jpg
44,Hard Drives Product 4,64.67,Description for Hard Drives Product 4,40,Western Digital,"<ul class=""list-group""><li>Capacity: 1 TB</li><li>Interface: SATA III</li><li>Speed: 7200 RPM</li></ul>",Hard Drives,Hard Drives Product 4 - SEO Title,SEO Description for Hard Drives Product 4,0,hard_disk.jpg
45,Hard Drives Product 5,461.51,Description for Hard Drives Product 5,50,Toshiba,"<ul class=""list-group""><li>Capacity: 1 TB</li><li>Interface: SATA III</li><li>Speed: 7200 RPM</li></ul>",Hard Drives,Hard Drives Product 5 - SEO Title,SEO Description for Hard Drives Product 5,0,hard_disk.jpg
46,Hard Drives Product 6,310.08,Description for Hard Drives Product 6,60,Seagate,"<ul class=""list-group""><li>Capacity: 1 TB</li><li>Interface: SATA III</li><li>Speed: 7200 RPM</li></ul>",Hard Drives,Hard Drives Product 6 - SEO Title,SEO Description for Hard Drives Product 6,0,hard_disk.jpg
47,Hard Drives Product 7,437.37,Description for Hard Drives Product 7,70,Western Digital,"<ul class=""list-group""><li>Capacity: 1 TB</li><li>Interface: SATA III</li><li>Speed: 7200 RPM</li></ul>",Hard Drives,Hard Drives Product 7 - SEO Title,SEO Description for Hard Drives Product 7,0,hard_disk.jpg
48,Hard Drives Product 8,585.32,Description for Hard Drives Product 8,80,Toshiba,"<ul class=""list-group""><li>Capacity: 1 TB</li><li>Interface: SATA III</li><li>Speed: 7200 RPM</li></ul>",Hard Drives,Hard Drives Product 8 - SEO Title,SEO Description for Hard Drives Product 8,0,hard_disk.jpg
49,Hard Drives Product 9,446.70,Description for Hard Drives Product 9,90,Seagate,"<ul class=""list-group""><li>Capacity: 1 TB</li><li>Interface: SATA III</li><li>Speed: 7200 RPM</li></ul>",Hard Drives,Hard Drives Product 9 - SEO Title,SEO Description for Hard Drives Product 9,0,hard_disk.jpg
50,Hard Drives Product 10,695.16,Description for Hard Drives Product 10,100,Western Digital,"<ul class=""list-group""><li>Capacity: 1 TB</li><li>Interface: SATA III</li><li>Speed: 7200 RPM</li></ul>",Hard Drives,Hard Drives Product 10 - SEO Title,SEO Description for Hard Drives Product 10,0,hard_disk.jpg
51,Hard Drives Product 11,269.08,Description for Hard Drives Product 11,110,Toshiba,"<ul class=""list-group""><li>Capacity: 1 TB</li><li>Interface: SATA III</li><li>Speed: 7200 RPM</li></ul>",Hard Drives,Hard Drives Product 11 - SEO Title,SEO Description for Hard Drives Product 11,0,hard_disk.jpg
52,Hard Drives Product 12,780.80,Description for Hard Drives Product 12,120,Seagate,"<ul class=""list-group""><li>Capacity: 1 TB</li><li>Interface: SATA III</li><li>Speed: 7200 RPM</li></ul>",Hard Drives,Hard Drives Product 12 - SEO Title,SEO Description for Hard Drives Product 12,0,hard_disk.jpg
53,Hard Drives Product 13,564.72,Description for Hard Drives Product 13,130,Western Digital,"<ul class=""list-group""><li>Capacity: 1 TB</li><li>Interface: SATA III</li><li>Speed: 7200 RPM</li></ul>",Hard Drives,Hard Drives Product 13 - SEO Title,SEO Description for Hard Drives Product 13,0,hard_disk.jpg
54,Hard Drives Product 14,399.51,Description for Hard Drives Product 14,140,Toshiba,"<ul class=""list-group""><li>Capacity: 1 TB</li><li>Interface: SATA III</li><li>Speed: 7200 RPM</li></ul>",Hard Drives,Hard Drives Product 14 - SEO Title,SEO Description for Hard Drives Product 14,0,hard_disk.jpg
55,Hard Drives Product 15,570.58,Description for Hard Drives Product 15,150,Seagate,"<ul class=""list-group""><li>Capacity: 1 TB</li><li>Interface: SATA III</li><li>Speed: 7200 RPM</li></ul>",Hard Drives,Hard Drives Product 15 - SEO Title,SEO Description for Hard Drives Product 15,0,hard_disk.jpg
56,Hard Drives Product 16,300.99,Description for Hard Drives Product 16,160,Western Digital,"<ul class=""list-group""><li>Capacity: 1 TB</li><li>Interface: SATA III</li><li>Speed: 7200 RPM</li></ul>",Hard Drives,Hard Drives Product 16 - SEO Title,SEO Description for Hard Drives Product 16,0,hard_disk.jpg
57,Hard Drives Product 17,145.42,Description for Hard Drives Product 17,170,Toshiba,"<ul class=""list-group""><li>Capacity: 1 TB</li><li>Interface: SATA III</li><li>Speed: 7200 RPM</li></ul>",Hard Drives,Hard Drives Product 17 - SEO Title,SEO Description for Hard Drives Product 17,0,hard_disk.jpg
58,Hard Drives Product 18,175.66,Description for Hard Drives Product 18,180,Seagate,"<ul class=""list-group""><li>Capacity: 1 TB</li><li>Interface: SATA III</li><li>Speed: 7200 RPM</li></ul>",Hard Drives,Hard Drives Product 18 - SEO Title,SEO Description for Hard Drives Product 18,0,hard_disk.jpg
59,Hard Drives Product 19,309.32,Description for Hard Drives Product 19,190,Western Digital,"<ul class=""list-group""><li>Capacity: 1 TB</li><li>Interface: SATA III</li><li>Speed: 7200 RPM</li></ul>",Hard Drives,Hard Drives Product 19 - SEO Title,SEO Description for Hard Drives Product 19,0,hard_disk.jpg
60,Hard Drives Product 20,487.12,Description for Hard Drives Product 20,200,Toshiba,"<ul class=""list-group""><li>Capacity: 1 TB</li><li>Interface: SATA III</li><li>Speed: 7200 RPM</li></ul>",Hard Drives,Hard Drives Product 20 - SEO Title,SEO Description for Hard Drives Product 20,0,hard_disk.jpg
61,RAM Product 1,179.94,Description for RAM Product 1,10,G.Skill,"<ul class=""list-group""><li>Type: DDR4</li><li>Size: 16 GB</li><li>Speed: 3200 MHz</li></ul>",RAM,RAM Product 1 - SEO Title,SEO Description for RAM Product 1,0,ram.jpg
62,RAM Product 2,321.44,Description for RAM Product 2,20,Kingston,"<ul class=""list-group""><li>Type: DDR4</li><li>Size: 16 GB</li><li>Speed: 3200 MHz</li></ul>",RAM,RAM Product 2 - SEO Title,SEO Description for RAM Product 2,0,ram.jpg
63,RAM Product 3,72.56,Description for RAM Product 3,30,Corsair,"<ul class=""list-group""><li>Type: DDR4</li><li>Size: 16 GB</li><li>Speed: 3200 MHz</li></ul>",RAM,RAM Product 3 - SEO Title,SEO Description for RAM Product 3,0,ram.jpg
64,RAM Product 4,660.85,Description for RAM Product 4,40,G.Skill,"<ul class=""list-group""><li>Type: DDR4</li><li>Size: 16 GB</li><li>Speed: 3200 MHz</li></ul>",RAM,RAM Product 4 - SEO Title,SEO Description for RAM Product 4,0,ram.jpg
65,RAM Product 5,730.24,Description for RAM Product 5,50,Kingston,"<ul class=""list-group""><li>Type: DDR4</li><li>Size: 16 GB</li><li>Speed: 3200 MHz</li></ul>",RAM,RAM Product 5 - SEO Title,SEO Description for RAM Product 5,0,ram.jpg
66,RAM Product 6,563.73,Description for RAM Product 6,60,Corsair,"<ul class=""list-group""><li>Type: DDR4</li><li>Size: 16 GB</li><li>Speed: 3200 MHz</li></ul>",RAM,RAM Product 6 - SEO Title,SEO Description for RAM Product 6,0,ram.jpg
67,RAM Product 7,91.51,Description for RAM Product 7,70,G.Skill,"<ul class=""list-group""><li>Type: DDR4</li><li>Size: 16 GB</li><li>Speed: 3200 MHz</li></ul>",RAM,RAM Product 7 - SEO Title,SEO Description for RAM Product 7,0,ram.jpg
68,RAM Product 8,228.08,Description for RAM Product 8,80,Kingston,"<ul class=""list-group""><li>Type: DDR4</li><li>Size: 16 GB</li><li>Speed: 3200 MHz</li></ul>",RAM,RAM Product 8 - SEO Title,SEO Description for RAM Product 8,0,ram.jpg
69,RAM Product 9,597.64,Description for RAM Product 9,90,Corsair,"<ul class=""list-group""><li>Type: DDR4</li><li>Size: 16 GB</li><li>Speed: 3200 MHz</li></ul>",RAM,RAM Product 9 - SEO Title,SEO Description for RAM Product 9,0,ram.jpg
70,RAM Product 10,597.88,Description for RAM Product 10,100,G.Skill,"<ul class=""list-group""><li>Type: DDR4</li><li>Size: 16 GB</li><li>Speed: 3200 MHz</li></ul>",RAM,RAM Product 10 - SEO Title,SEO Description for RAM Product 10,0,ram.jpg
71,RAM Product 11,631.33,Description for RAM Product 11,110,Kingston,"<ul class=""list-group""><li>Type: DDR4</li><li>Size: 16 GB</li><li>Speed: 3200 MHz</li></ul>",RAM,RAM Product 11 - SEO Title,SEO Description for RAM Product 11,0,ram.jpg
72,RAM Product 12,294.47,Description for RAM Product 12,120,Corsair,"<ul class=""list-group""><li>Type: DDR4</li><li>Size: 16 GB</li><li>Speed: 3200 MHz</li></ul>",RAM,RAM Product 12 - SEO Title,SEO Description for RAM Product 12,0,ram.jpg
73,RAM Product 13,640.21,Description for RAM Product 13,130,G.Skill,"<ul class=""list-group""><li>Type: DDR4</li><li>Size: 16 GB</li><li>Speed: 3200 MHz</li></ul>",RAM,RAM Product 13 - SEO Title,SEO Description for RAM Product 13,0,ram.jpg
74,RAM Product 14,559.65,Description for RAM Product 14,140,Kingston,"<ul class=""list-group""><li>Type: DDR4</li><li>Size: 16 GB</li><li>Speed: 3200 MHz</li></ul>",RAM,RAM Product 14 - SEO Title,SEO Description for RAM Product 14,0,ram.jpg
75,RAM Product 15,241.50,Description for RAM Product 15,150,Corsair,"<ul class=""list-group""><li>Type: DDR4</li><li>Size: 16 GB</li><li>Speed: 3200 MHz</li></ul>",RAM,RAM Product 15 - SEO Title,SEO Description for RAM Product 15,0,ram.jpg
76,RAM Product 16,623.36,Description for RAM Product 16,160,G.Skill,"<ul class=""list-group""><li>Type: DDR4</li><li>Size: 16 GB</li><li>Speed: 3200 MHz</li></ul>",RAM,RAM Product 16 - SEO Title,SEO Description for RAM Product 16,0,ram.jpg
77,RAM Product 17,62.63,Description for RAM Product 17,170,Kingston,"<ul class=""list-group""><li>Type: DDR4</li><li>Size: 16 GB</li><li>Speed: 3200 MHz</li></ul>",RAM,RAM Product 17 - SEO Title,SEO Description for RAM Product 17,0,ram.jpg
78,RAM Product 18,312.40,Description for RAM Product 18,180,Corsair,"<ul class=""list-group""><li>Type: DDR4</li><li>Size: 16 GB</li><li>Speed: 3200 MHz</li></ul>",RAM,RAM Product 18 - SEO Title,SEO Description for RAM Product 18,0,ram.jpg
79,RAM Product 19,548.07,Description for RAM Product 19,190,G.Skill,"<ul class=""list-group""><li>Type: DDR4</li><li>Size: 16 GB</li><li>Speed: 3200 MHz</li></ul>",RAM,RAM Product 19 - SEO Title,SEO Description for RAM Product 19,0,ram.jpg
80,RAM Product 20,447.86,Description for RAM Product 20,200,Kingston,"<ul class=""list-group""><li>Type: DDR4</li><li>Size: 16 GB</li><li>Speed: 3200 MHz</li></ul>",RAM,RAM Product 20 - SEO Title,SEO Description for RAM Product 20,0,ram.jpg
81,Power Supplies Product 1,101.19,Description for Power Supplies Product 1,10,EVGA,"<ul class=""list-group""><li>Power: 600 W</li><li>Certification: 80+ Bronze</li><li>Cables: Modular</li></ul>",Power Supplies,Power Supplies Product 1 - SEO Title,SEO Description for Power Supplies Product 1,0,power-supply.jpg
82,Power Supplies Product 2,273.05,Description for Power Supplies Product 2,20,Corsair,"<ul class=""list-group""><li>Power: 600 W</li><li>Certification: 80+ Bronze</li><li>Cables: Modular</li></ul>",Power Supplies,Power Supplies Product 2 - SEO Title,SEO Description for Power Supplies Product 2,0,power-supply.jpg
83,Power Supplies Product 3,753.71,Description for Power Supplies Product 3,30,Cooler Master,"<ul class=""list-group""><li>Power: 600 W</li><li>Certification: 80+ Bronze</li><li>Cables: Modular</li></ul>",Power Supplies,Power Supplies Product 3 - SEO Title,SEO Description for Power Supplies Product 3,0,power-supply.jpg
84,Power Supplies Product 4,717.80,Description for Power Supplies Product 4,40,EVGA,"<ul class=""list-group""><li>Power: 600 W</li><li>Certification: 80+ Bronze</li><li>Cables: Modular</li></ul>",Power Supplies,Power Supplies Product 4 - SEO Title,SEO Description for Power Supplies Product 4,0,power-supply.jpg
85,Power Supplies Product 5,485.46,Description for Power Supplies Product 5,50,Corsair,"<ul class=""list-group""><li>Power: 600 W</li><li>Certification: 80+ Bronze</li><li>Cables: Modular</li></ul>",Power Supplies,Power Supplies Product 5 - SEO Title,SEO Description for Power Supplies Product 5,0,power-supply.jpg
86,Power Supplies Product 6,736.64,Description for Power Supplies Product 6,60,Cooler Master,"<ul class=""list-group""><li>Power: 600 W</li><li>Certification: 80+ Bronze</li><li>Cables: Modular</li></ul>",Power Supplies,Power Supplies Product 6 - SEO Title,SEO Description for Power Supplies Product 6,0,power-supply.jpg
87,Power Supplies Product 7,632.69,Description for Power Supplies Product 7,70,EVGA,"<ul class=""list-group""><li>Power: 600 W</li><li>Certification: 80+ Bronze</li><li>Cables: Modular</li></ul>",Power Supplies,Power Supplies Product 7 - SEO Title,SEO Description for Power Supplies Product 7,0,power-supply.jpg
88,Power Supplies Product 8,108.06,Description for Power Supplies Product 8,80,Corsair,"<ul class=""list-group""><li>Power: 600 W</li><li>Certification: 80+ Bronze</li><li>Cables: Modular</li></ul>",Power Supplies,Power Supplies Product 8 - SEO Title,SEO Description for Power Supplies Product 8,0,power-supply.jpg
89,Power Supplies Product 9,329.92,Description for Power Supplies Product 9,90,Cooler Master,"<ul class=""list-group""><li>Power: 600 W</li><li>Certification: 80+ Bronze</li><li>Cables: Modular</li></ul>",Power Supplies,Power Supplies Product 9 - SEO Title,SEO Description for Power Supplies Product 9,0,power-supply.jpg
90,Power Supplies Product 10,426.29,Description for Power Supplies Product 10,100,EVGA,"<ul class=""list-group""><li>Power: 600 W</li><li>Certification: 80+ Bronze</li><li>Cables: Modular</li></ul>",Power Supplies,Power Supplies Product 10 - SEO Title,SEO Description for Power Supplies Product 10,0,power-supply.jpg
91,Power Supplies Product 11,671.74,Description for Power Supplies Product 11,110,Corsair,"<ul class=""list-group""><li>Power: 600 W</li><li>Certification: 80+ Bronze</li><li>Cables: Modular</li></ul>",Power Supplies,Power Supplies Product 11 - SEO Title,SEO Description for Power Supplies Product 11,0,power-supply.jpg
92,Power Supplies Product 12,654.87,Description for Power Supplies Product 12,120,Cooler Master,"<ul class=""list-group""><li>Power: 600 W</li><li>Certification: 80+ Bronze</li><li>Cables: Modular</li></ul>",Power Supplies,Power Supplies Product 12 - SEO Title,SEO Description for Power Supplies Product 12,0,power-supply.jpg
93,Power Supplies Product 13,413.97,Description for Power Supplies Product 13,130,EVGA,"<ul class=""list-group""><li>Power: 600 W</li><li>Certification: 80+ Bronze</li><li>Cables: Modular</li></ul>",Power Supplies,Power Supplies Product 13 - SEO Title,SEO Description for Power Supplies Product 13,0,power-supply.jpg
94,Power Supplies Product 14,101.47,Description for Power Supplies Product 14,140,Corsair,"<ul class=""list-group""><li>Power: 600 W</li><li>Certification: 80+ Bronze</li><li>Cables: Modular</li></ul>",Power Supplies,Power Supplies Product 14 - SEO Title,SEO Description for Power Supplies Product 14,0,power-supply.jpg
95,Power Supplies Product 15,129.08,Description for Power Supplies Product 15,150,Cooler Master,"<ul class=""list-group""><li>Power: 600 W</li><li>Certification: 80+ Bronze</li><li>Cables: Modular</li></ul>",Power Supplies,Power Supplies Product 15 - SEO Title,SEO Description for Power Supplies Product 15,0,power-supply.jpg
96,Power Supplies Product 16,423.17,Description for Power Supplies Product 16,160,EVGA,"<ul class=""list-group""><li>Power: 600 W</li><li>Certification: 80+ Bronze</li><li>Cables: Modular</li></ul>",Power Supplies,Power Supplies Product 16 - SEO Title,SEO Description for Power Supplies Product 16,0,power-supply.jpg
97,Power Supplies Product 17,370.60,Description for Power Supplies Product 17,170,Corsair,"<ul class=""list-group""><li>Power: 600 W</li><li>Certification: 80+ Bronze</li><li>Cables: Modular</li></ul>",Power Supplies,Power Supplies Product 17 - SEO Title,SEO Description for Power Supplies Product 17,0,power-supply.jpg
98,Power Supplies Product 18,286.22,Description for Power Supplies Product 18,180,Cooler Master,"<ul class=""list-group""><li>Power: 600 W</li><li>Certification: 80+ Bronze</li><li>Cables: Modular</li></ul>",Power Supplies,Power Supplies Product 18 - SEO Title,SEO Description for Power Supplies Product 18,0,power-supply.jpg
99,Power Supplies Product 19,630.05,Description for Power Supplies Product 19,190,EVGA,"<ul class=""list-group""><li>Power: 600 W</li><li>Certification: 80+ Bronze</li><li>Cables: Modular</li></ul>",Power Supplies,Power Supplies Product 19 - SEO Title,SEO Description for Power Supplies Product 19,0,power-supply.jpg
100,Power Supplies Product 20,362.79,Description for Power Supplies Product 20,200,Corsair,"<ul class=""list-group""><li>Power: 600 W</li><li>Certification: 80+ Bronze</li><li>Cables: Modular</li></ul>",Power Supplies,Power Supplies Product 20 - SEO Title,SEO Description for Power Supplies Product 20,0,power-supply.jpg
